{
  "evaluator": "RAGASEvaluator",
  "metrics": {
    "mean_faithfulness": 0.614936440677966,
    "min_faithfulness": 0.5423728813559322,
    "max_faithfulness": 0.6875,
    "std_faithfulness": 0.0725635593220339,
    "mean_answer_relevancy": 0.7250747608445409,
    "min_answer_relevancy": 0.6553224880025124,
    "max_answer_relevancy": 0.7948270336865696,
    "std_answer_relevancy": 0.06975227284202862,
    "mean_answer_correctness": 0.46241770118924813,
    "min_answer_correctness": 0.40845685547132526,
    "max_answer_correctness": 0.516378546907171,
    "std_answer_correctness": 0.05396084571792287,
    "overall_score": 0.6008096342372516
  },
  "sample_count": 2,
  "total_time_ms": 167.10352897644043,
  "rows": [
    {
      "query_id": "V_0522",
      "query": "how to remove unwanted people from a photo in photoshop",
      "faithfulness": 0.6875,
      "answer_relevancy": 0.6553224880025124,
      "answer_correctness": 0.40845685547132526
    },
    {
      "query_id": "V_0005",
      "query": "why there are three engines not light up during starship launch",
      "faithfulness": 0.5423728813559322,
      "answer_relevancy": 0.7948270336865696,
      "answer_correctness": 0.516378546907171
    }
  ]
}